Average Domestic Airline Itinerary Fares By Origin City for 2003 Ranked by Total Number of Domestic Passengers in 2016,,,,,,,
2016 Passenger Rank,Airport Code,Airport Name,City Name,State Name,Average Fare ($),Inflation Adjusted Average Fare ($) (Base Year: 2016),2016 Passengers (10% sample)
1,LAX,Los Angeles International,Los Angeles,CA,338.076035791054,441.081792805126,1278387
2,ORD,Chicago O'Hare International,Chicago-O'Hare,IL,339.96413914877,443.545167684903,1029767
3,ATL,Hartsfield-Jackson Atlanta International,Atlanta,GA,304.491217544386,397.264277586655,882705
4,SFO,San Francisco International,San Francisco,CA,428.670306996079,559.278527653504,849891
5,DEN,Denver International,Denver,CO,341.964815319078,446.155414311694,845114
6,BOS,Logan International,Boston,MA,362.089232331332,472.41138336952,801477
7,SEA,Seattle/Tacoma International,Seattle,WA,320.809904410823,418.554978190237,772629
8,DFW,Dallas/Fort Worth International,Dallas-DFW,TX,393.586757148883,513.505643963714,727241
9,LGA,LaGuardia,New York-La Guardia,NY,315.190771401978,411.223795263437,690156
10,EWR,Newark Liberty International,Newark,NJ,407.352856803129,531.466029417304,678587
11,JFK,John F. Kennedy International,New York-JFK,NY,302.717785871095,394.95051281465,678452
12,PHX,Phoenix Sky Harbor International,Phoenix,AZ,251.05959340297,327.552987599359,624904
13,LAS,McCarran International,Las Vegas,NV,228.63168681626,298.291696650462,602399
14,MCO,Orlando International,Orlando,FL,263.155792734825,343.334683793644,600371
15,PHL,Philadelphia International,Philadelphia,PA,378.742066101778,494.138039497534,565279
16,MSP,Minneapolis-St Paul International,Minneapolis,MN,398.716500016446,520.198328274684,557415
17,DCA,Ronald Reagan Washington National,Washington-Reagan National,DC,354.409558031172,462.391848856972,516034
18,DTW,Detroit Metro Wayne County,Detroit,MI,340.829413446712,444.674075676597,496034
19,BWI,Baltimore/Washington International Thurgood Marshall,Baltimore,MD,263.878273507379,344.277291611675,489506
20,SAN,San Diego International,San Diego,CA,292.564892346348,381.704213154349,471201
21,FLL,Fort Lauderdale-Hollywood International,Fort Lauderdale,FL,241.40204570171,314.952956827567,471064
22,PDX,Portland International,Portland,OR,302.275612087347,394.373616540973,427749
23,IAH,George Bush Intercontinental/Houston,Houston-Intercontinental,TX,372.635263881337,486.170603221266,418532
24,TPA,Tampa International,Tampa,FL,260.755351618748,340.20287095005,392724
25,MDW,Chicago Midway International,Chicago-Midway,IL,218.287805898956,284.796219134904,379283
26,MIA,Miami International,Miami,FL,338.688234431782,441.880517486611,324144
27,CLT,Charlotte Douglas International,Charlotte,NC,461.15902130736,601.665975556526,321415
28,OAK,Metropolitan Oakland International,Oakland,CA,230.384977704155,300.579184097871,321404
29,SLC,Salt Lake City International,Salt Lake City,UT,292.28298953202,381.33641956481,320755
30,AUS,Austin - Bergstrom International,Austin,TX,325.003886387712,424.02679190525,309545
31,DAL,Dallas Love Field,Dallas-Love Field,TX,172.074732477789,224.50284392436,294636
32,STL,Lambert-St. Louis International,St. Louis,MO,315.295237245302,411.360089991788,293845
33,RDU,Raleigh-Durham International,Raleigh/Durham,NC,295.749094138544,385.858584616581,283778
34,SJC,Norman Y. Mineta San Jose International,San Jose,CA,262.865707919789,342.956215293262,282736
35,MCI,Kansas City International,Kansas City,MO,265.515527315817,346.41338754469,280759
36,SMF,Sacramento International,Sacramento,CA,257.68946988499,336.202869564296,279633
37,BNA,Nashville International,Nashville,TN,284.416381606275,371.072996074695,267295
38,SNA,John Wayne Airport-Orange County,Santa Ana,CA,305.250719638512,398.25518646469,252982
39,HNL,Honolulu International,Honolulu,HI,205.780947268964,268.478743055983,243804
40,IND,Indianapolis International,Indianapolis,IN,282.187902534346,368.165539052564,237835
41,IAD,Washington Dulles International,Washington-Dulles,DC,437.822386946289,571.219083637867,237594
42,HOU,William P Hobby,Houston-Hobby,TX,229.825418284032,299.849136871567,232194
43,CLE,Cleveland-Hopkins International,Cleveland,OH,339.986604743392,443.574478146763,228742
44,MSY,Louis Armstrong New Orleans International,New Orleans,LA,266.81180385578,348.1046164982,220020
45,PIT,Pittsburgh International,Pittsburgh,PA,349.836695128019,456.425715934078,219814
46,CMH,Port Columbus International,Columbus,OH,303.119925170896,395.475176808945,200376
47,MKE,General Mitchell International,Milwaukee,WI,296.153010742091,386.385567427473,196680
48,SAT,San Antonio International,San Antonio,TX,313.293816259862,408.748871617939,194783
49,BDL,Bradley International,Hartford,CT,336.108004135379,438.514136896149,187633
50,CVG,Cincinnati/Northern Kentucky International,Cincinnati,OH,451.991218953074,589.704906831114,167274
51,SJU,Luis Munoz Marin International,San Juan,PR,314.834407856941,410.758854082476,166585
52,RSW,Southwest Florida International,Fort Myers,FL,280.770665978983,366.316495717665,152799
53,PBI,Palm Beach International,West Palm Beach/Palm Beach,FL,266.307740706279,347.446974269438,139969
54,BUF,Buffalo Niagara International,Buffalo,NY,260.872119363584,340.355215750573,135260
55,JAX,Jacksonville International,Jacksonville,FL,286.95708318233,374.387804246552,135131
56,BUR,Bob Hope,Burbank,CA,206.468590325779,269.375898725713,125252
57,ONT,Ontario International,Ontario,CA,247.858980354155,323.377204662413,124015
58,OMA,Eppley Airfield,Omaha,NE,292.885199453719,382.122112142181,120853
59,ABQ,Albuquerque International Sunport,Albuquerque,NM,278.535378123986,363.400155397326,114670
60,PVD,Theodore Francis Green State,Providence,RI,302.000668098306,394.014902007057,109047
61,MEM,Memphis International,Memphis,TN,371.743249236227,485.006807574075,106363
62,RIC,Richmond International,Richmond,VA,415.966802358226,542.70449102455,101520
63,OKC,Will Rogers World,Oklahoma City,OK,305.214031718016,398.207320387141,95696
64,ANC,Ted Stevens Anchorage International,Anchorage,AK,455.073526359485,593.726338499925,92654
65,SFB,Orlando Sanford International,Sanford,FL,102.374280545963,133.565903583466,89052
66,BOI,Boise Air Terminal,Boise,ID,266.072568152419,347.140148819854,87846
67,ORF,Norfolk International,Norfolk,VA,318.472879724448,415.505903634912,87572
68,SDF,Louisville International-Standiford Field,Louisville,KY,294.114452449735,383.725896669603,84451
69,GEG,Spokane International,Spokane,WA,265.180758858395,345.976621090574,83819
70,ALB,Albany International,Albany,NY,324.910121135716,423.904458048145,81817
71,RNO,Reno/Tahoe International,Reno,NV,235.050179777945,306.665790294877,80897
72,CHS,Charleston AFB/International,Charleston,SC,446.845389328949,582.991234414884,80742
73,TUS,Tucson International,Tucson,AZ,292.314192092823,381.377128991099,80325
74,GRR,Gerald R. Ford International,Grand Rapids,MI,341.569812337254,445.640060944577,80027
75,LGB,Long Beach Airport,Long Beach,CA,239.83463393784,312.907982568289,76483
76,ELP,El Paso International,El Paso,TX,267.426136033048,348.906124766876,75930
77,TUL,Tulsa International,Tulsa,OK,304.227418145081,396.920103200813,73392
78,DSM,Des Moines International,Des Moines,IA,336.745086465097,439.34532688422,73146
79,BHM,Birmingham-Shuttlesworth International,Birmingham,AL,313.290680932754,408.744781012408,71115
80,ROC,Greater Rochester International,Rochester,NY,290.944513969732,379.590134297183,71096
81,PIE,St Pete Clearwater International,St. Petersburg,FL,211.397048236141,275.80597013193,69062
82,OGG,Kahului Airport,Kahului,HI,131.514724302428,171.584922426855,67841
83,MHT,Manchester-Boston Regional,Manchester,NH,307.865145442428,401.6661813258,61121
84,DAY,James M Cox/Dayton International,Dayton,OH,296.230838616566,386.487108071498,58412
85,SYR,Syracuse Hancock International,Syracuse,NY,352.568972676688,459.990469871127,57879
86,GSP,Greenville-Spartanburg International,Greer,SC,472.620297131852,616.619298339882,51941
87,LIT,Bill and Hillary Clinton Nat Adams Field,Little Rock,AR,309.296799499744,403.534034919149,51596
88,MSN,Dane County Regional-Truax Field,Madison,WI,319.160496850166,416.403025472801,51374
89,HPN,Westchester County,White Plains,NY,486.076452239421,634.175304654326,48044
90,PWM,Portland International Jetport,Portland,ME,410.546584313142,535.632828914202,47337
91,TYS,McGhee Tyson,Knoxville,TN,428.062914241496,558.486073126222,46608
92,GSO,Piedmont Triad International,Greensboro/High Point,NC,326.000758058158,425.32739264901,44266
93,ICT,Wichita Dwight D Eisenhower National,Wichita,KS,295.933079892046,386.098627557854,44248
94,SAV,Savannah/Hilton Head International,Savannah,GA,321.948655866121,420.040686966629,43637
95,CAK,Akron-Canton Regional,Akron,OH,261.093704639536,340.644314120254,42607
96,ISP,Long Island MacArthur,Islip,NY,237.469646722055,309.822425798024,38122
97,PNS,Pensacola International,Pensacola,FL,323.679787004389,422.299262982706,37574
98,KOA,Kona International Airport at Keahole,Kona,HI,126.223584565453,164.681666490046,37509
99,FAT,Fresno Yosemite International,Fresno,CA,382.836103820356,499.479457715766,37389
100,LIH,Lihue Airport,Lihue,HI,104.866929351583,136.818018160128,35692
101,LEX,Blue Grass,Lexington,KY,321.152029189604,419.001342306035,35528
102,COS,City of Colorado Springs Municipal,Colorado Springs,CO,375.845351064532,490.358746892886,35024
103,MYR,Myrtle Beach International,Myrtle Beach,SC,259.153579418345,338.113067240164,33827
104,MDT,Harrisburg International,Harrisburg,PA,376.415038450584,491.102007896258,33573
105,XNA,Northwest Arkansas Regional,Fayetteville,AR,419.728887925898,547.612817173702,33454
106,CID,The Eastern Iowa,Cedar Rapids/Iowa City,IA,364.903633491311,476.083282522064,32905
107,BTV,Burlington International,Burlington,VT,345.253574199269,450.446199547576,32753
108,FSD,Joe Foss Field,Sioux Falls,SD,416.029338282533,542.786080533086,31003
109,CAE,Columbia Metropolitan,Columbia,SC,462.880751811594,603.912286732524,30607
110,ACY,Atlantic City International,Atlantic City,NJ,223.854128032045,292.058500651099,30531
111,PSP,Palm Springs International,Palm Springs,CA,370.646821543288,483.576317857904,30372
112,BLI,Bellingham International,Bellingham,WA,356.309246309246,464.870338376359,29414
113,HSV,Huntsville International-Carl T Jones Field,Huntsville,AL,441.359157042148,575.83344469712,28142
114,EUG,Mahlon Sweet Field,Eugene,OR,387.095322023941,505.03638397583,27794
115,FNT,Bishop International,Flint,MI,283.255386469791,369.55826636296,26572
116,SGF,Springfield-Branson National,Springfield,MO,421.660964230171,550.133562775002,26295
117,JAN,Jackson Medgar Wiley Evers International,Jackson/Vicksburg,MS,332.094391113109,433.277647349214,26041
118,ITO,Hilo International,Hilo,HI,91.1835004709402,118.965491794948,25914
119,CHA,Lovell Field,Chattanooga,TN,412.942282916774,538.758454286134,24855
120,SRQ,Sarasota/Bradenton International,Sarasota/Bradenton,FL,330.445727347321,431.126665047718,24663
121,MAF,Midland International Air and Space Port,Midland/Odessa,TX,237.653750644239,310.062622911875,24348
122,LBB,Lubbock Preston Smith International,Lubbock,TX,239.057343990614,311.893866194587,24046
123,FAR,Hector International,Fargo,ND,432.825633511464,564.699908275197,23881
124,ABE,Lehigh Valley International,Allentown/Bethlehem/Easton,PA,430.005897895631,561.02104935295,23285
125,ILM,Wilmington International,Wilmington,NC,431.098190094289,562.446143563261,23142
126,FWA,Fort Wayne International,Fort Wayne,IN,379.945497320612,495.708134811385,23107
127,BZN,Bozeman Yellowstone International,Bozeman,MT,426.657489116367,556.652439954338,22809
128,MLI,Quad City International,Moline,IL,289.528579605855,377.742789908362,22808
129,FAI,Fairbanks International,Fairbanks,AK,442.569175135607,577.412133789178,22805
130,BIL,Billings Logan International,Billings,MT,384.457853492334,501.595325677609,22581
131,AVL,Asheville Regional,Asheville,NC,459.494698475812,599.494563150355,22401
132,MFR,Rogue Valley International - Medford,Medford,OR,386.992147117296,504.901773509611,22228
133,PSC,Tri Cities,Pasco/Kennewick/Richland,WA,403.772103933598,526.794284815267,22059
134,TTN,Trenton Mercer,Trenton,NJ,385.073401162791,502.398419778636,21531
135,SBN,South Bend International,South Bend,IN,325.206870160274,424.291621224201,21456
136,MFE,McAllen Miller International,Mission/McAllen/Edinburg,TX,385.32248422451,502.723394020491,21252
137,PIA,General Downing - Peoria International,Peoria,IL,377.822100984168,492.937777365838,21051
138,MSO,Missoula International,Missoula,MT,421.500047924854,549.923618132594,19899
139,BTR,Baton Rouge Metropolitan/Ryan Field,Baton Rouge,LA,351.840285306705,459.039764415786,19237
140,VPS,Eglin AFB Destin Fort Walton Beach,Valparaiso,FL,422.487793885676,551.212312725264,18926
141,STT,Cyril E King,Charlotte Amalie,VI,411.97644335512,537.498340582956,18247
142,AMA,Rick Husband Amarillo International,Amarillo,TX,250.359672762271,326.639813584235,17907
143,CHO,Charlottesville Albemarle,Charlottesville,VA,461.081954695851,601.565428118757,17322
144,CRP,Corpus Christi International,Corpus Christi,TX,319.113030957523,416.341097566628,17211
145,TLH,Tallahassee International,Tallahassee,FL,278.88376670073,363.854691778954,16943
146,BIS,Bismarck Municipal,Bismarck/Mandan,ND,421.63896556734,550.104861510749,16942
147,DAB,Daytona Beach International,Daytona Beach,FL,335.544339357618,437.778733482729,16821
148,RDM,Roberts Field,Bend/Redmond,OR,372.354994183148,485.804940329316,16770
149,ATW,Appleton International,Appleton,WI,383.711447118429,500.621502552901,16595
150,SBA,Santa Barbara Municipal,Santa Barbara,CA,415.615374093831,542.245988816492,16389
151,ROA,Roanoke Blacksburg Regional Woodrum Field,Roanoke,VA,437.074549065034,570.243392850971,15888
152,AGS,Augusta Regional at Bush Field,Augusta,GA,463.209727907537,604.341495995609,15867
153,AVP,Wilkes Barre Scranton International,Scranton/Wilkes-Barre,PA,419.956107660456,547.909266721346,15025
154,SHV,Shreveport Regional,Shreveport,LA,409.294787161393,533.999631427637,14366
155,GRB,Green Bay Austin Straubel International,Green Bay,WI,366.024627214631,477.545823101281,14217
156,BQN,Rafael Hernandez,Aguadilla,PR,204.240067624683,266.468384781383,14112
157,BGR,Bangor International,Bangor,ME,386.24701500712,503.929612894132,14011
158,HRL,Valley International,Harlingen/San Benito,TX,230.875049538583,301.218572106628,13876
159,MOB,Mobile Regional,Mobile,AL,435.017504595956,567.559603507021,13570
160,FAY,Fayetteville Regional/Grannis Field,Fayetteville,NC,416.38848,543.25464634622,13142
161,JNU,Juneau International,Juneau,AK,374.912799438709,489.142063367717,12790
162,RAP,Rapid City Regional,Rapid City,SD,400.549192015209,522.589408939668,12481
163,BMI,Central Illinois Regional,Bloomington/Normal,IL,289.719887955182,377.99238651021,12413
164,PHF,Newport News/Williamsburg International,Newport News/Williamsburg,VA,235.856231280115,307.717431357925,11948
165,GNV,Gainesville Regional,Gainesville,FL,410.002554060957,534.923042317194,11901
166,GPT,Gulfport-Biloxi International,Gulfport/Biloxi,MS,305.671379547014,398.804013967856,11663
167,TRI,Tri-Cities Regional TN/VA,Bristol/Johnson City/Kingsport,TN,448.089993772057,584.615047702374,11492
168,CRW,Yeager,Charleston/Dunbar,WV,404.160362280234,527.300838576775,11365
169,EVV,Evansville Regional,Evansville,IN,388.270862084828,506.570090191821,11023
170,MLB,Melbourne International,Melbourne,FL,389.209980128064,507.795340805035,11020
171,LFT,Lafayette Regional Paul Fournet Field,Lafayette,LA,385.271479713604,502.656849341986,10953
172,FCA,Glacier Park International,Kalispell,MT,427.481837994915,557.727953279013,10876
173,GJT,Grand Junction Regional,Grand Junction,CO,419.72030798845,547.601623081869,10537
174,TVC,Cherry Capital,Traverse City,MI,395.536329222127,516.04921598371,10360
175,LBE,Arnold Palmer Regional,Latrobe,PA,463.2578125,604.404231108437,9776
176,GTF,Great Falls International,Great Falls,MT,435.290419161677,567.915670288416,9723
177,MRY,Monterey Regional,Monterey,CA,447.863564806717,584.319629857268,9538
178,SBP,San Luis County Regional,San Luis Obispo,CA,398.230746489283,519.564574284636,9385
179,SWF,Stewart International,Newburgh/Poughkeepsie,NY,444.130255941499,579.448848160149,9284
180,OAJ,Albert J Ellis,Jacksonville/Camp Lejeune,NC,405.214571301644,528.676246342861,9263
181,RFD,Chicago/Rockford International,Rockford,IL,110.652173913044,144.365923876114,9175
182,MOT,Minot International,Minot,ND,457.930094466937,597.453252119095,9127
183,ELM,Elmira/Corning Regional,Elmira/Corning,NY,395.536367795059,516.049266309129,8924
184,LAN,Capital Region International,Lansing,MI,346.397949250438,451.939245329512,8812
185,MGM,Montgomery Regional,Montgomery,AL,389.849356094639,508.629523260333,8783
186,GFK,Grand Forks International,Grand Forks,ND,440.981469077919,575.340681925594,8760
187,AZO,Kalamazoo/Battle Creek International,Kalamazoo,MI,413.18799565907,539.079031332163,8707
188,DRO,Durango La Plata County,Durango,CO,437.965702757229,571.406065228203,8446
189,LNK,Lincoln Airport,Lincoln,NE,358.993322203673,468.372204472157,8229
190,EYW,Key West International,Key West,FL,379.847360482655,495.580097423804,7737
191,IDA,Idaho Falls Regional,Idaho Falls,ID,442.986834109783,577.957046026686,7606
192,JAC,Jackson Hole,Jackson,WY,485.996998999667,634.071643425121,7290
193,SCE,University Park,State College,PA,453.551602617889,591.740711654517,6990
194,MBS,MBS International,Saginaw/Bay City/Midland,MI,372.314444544069,485.752035936195,6677
195,HTS,Tri-State/Milton J. Ferguson Field,Ashland,WV,431.952380952381,563.56059118805,6517
196,PSE,Mercedita,Ponce,PR,430.666666666667,561.883142619857,6468
197,DLH,Duluth International,Duluth,MN,500.34793020869,652.795048209751,6439
198,EWN,Coastal Carolina Regional,New Bern/Morehead/Beaufort,NC,425.046215880893,554.550240412928,6315
199,TOL,Toledo Express,Toledo,OH,323.206697742885,421.682031834888,6306
200,CWA,Central Wisconsin,Mosinee,WI,374.817833632555,489.018163168948,6185
201,STX,Henry E. Rohlsen,Christiansted,VI,406.26575771122,530.047710561032,6124
202,BFL,Meadows Field,Bakersfield,CA,412.707301173403,538.451877783602,6053
203,LRD,Laredo International,Laredo,TX,397.066689008043,518.045849186147,6044
204,SPI,Abraham Lincoln Capital,Springfield,IL,311.276517300057,406.116937533251,6013
205,ASE,Aspen Pitkin County Sardy Field,Aspen,CO,519.460530065546,677.730917415338,5999
206,AEX,Alexandria International,Alexandria,LA,399.192112456072,520.818851368135,5854
207,HLN,Helena Regional,Helena,MT,451.670323488045,589.286240223506,5550
208,RST,Rochester International,Rochester,MN,426.077952640094,555.896329018074,5414
209,ERI,Erie International/Tom Ridge Field,Erie,PA,352.318792830785,459.664064674449,5306
210,MLU,Monroe Regional,Monroe,LA,406.165989553105,529.917544819046,5287
211,CMI,University of Illinois/Willard,Champaign/Urbana,IL,410.082106572673,535.026833064762,5230
212,GRI,Central Nebraska Regional,Grand Island,NE,339.18125,442.523746132503,5182
213,LSE,La Crosse Regional,La Crosse,WI,411.953733628168,537.468711605987,5172
214,KTN,Ketchikan International,Ketchikan,AK,401.574043715847,523.926514731325,5151
215,CPR,Casper/Natrona County International,Casper,WY,453.852567121997,592.133374691789,5016
216,SCK,Stockton Metropolitan,Stockton,CA,319.093363329584,416.315437562151,4986
217,ABI,Abilene Regional,Abilene,TX,375.565779748707,489.993995167988,4961
218,ITH,Ithaca Tompkins Regional,Ithaca/Cortland,NY,450.23618940248,587.415150981396,4818
219,LYH,Lynchburg Regional/Preston Glenn Field,Lynchburg,VA,506.144359078043,660.357545893384,4759
220,BRO,Brownsville South Padre Island International,Brownsville,TX,439.930212397053,573.969126025721,4591
221,FSM,Fort Smith Regional,Fort Smith,AR,389.323179111315,507.943029505772,4567
222,LWS,Lewiston Nez Perce County,Lewiston,ID,326.282763800225,425.69532052654,4470
223,ORH,Worcester Regional,Worcester,MA,311.612903225806,406.555814269536,4314
224,SGU,St George Regional,St. George,UT,378.917780061665,494.367290376752,4234
225,CLL,Easterwood Field,College Station/Bryan,TX,450.665091553455,587.974731991767,4178
226,BGM,Greater Binghamton/Edwin A. Link Field,Binghamton,NY,419.860639735696,547.78471141736,4061
227,YKM,Yakima Air Terminal/McAllister Field,Yakima,WA,330.973633440514,431.815414741181,4040
228,IFP,Laughlin/Bullhead International,Bullhead City,AZ,124.053504769805,161.850401965322,4012
229,COU,Columbia Regional,Columbia,MO,409.977836879433,534.890794249938,3887
230,ISN,Sloulin Field International,Williston,ND,574.421052631579,749.436933992967,3854
231,SBY,Salisbury-Ocean City/Wicomico Regional,Salisbury,MD,386.176994906621,503.83825891399,3750
232,YUM,Yuma MCAS/Yuma International,Yuma,AZ,399.465854719443,521.175998031938,3700
233,ACT,Waco Regional,Waco,TX,385.708848715509,503.227476902223,3602
234,BET,Bethel Airport,Bethel,AK,375.212262459663,489.532767446614,3569
235,MHK,Manhattan Regional,Manhattan/Ft. Riley,KS,438.910256410256,572.638407584865,3555
236,EAT,Pangborn Memorial,Wenatchee,WA,306.991037131882,400.525747754933,3448
237,SJT,San Angelo Regional/Mathis Field,San Angelo,TX,385.889991371872,503.46381050521,3349
238,ACV,Arcata,Arcata/Eureka,CA,377.340522709972,492.309470754099,3279
239,TYR,Tyler Pounds Regional,Tyler,TX,406.740373044525,530.666932747594,3240
240,PUW,Pullman Moscow Regional,Pullman,WA,337.903877221325,440.85718058023,3188
241,SUN,Friedman Memorial,Sun Valley/Hailey/Ketchum,ID,424.842929525564,554.285016319622,3164
242,MTJ,Montrose Regional,Montrose/Delta,CO,458.797667638484,598.585159410307,3163
243,SIT,Sitka Rocky Gutierrez,Sitka,AK,325.265180630284,424.367697857646,3144
244,FLG,Flagstaff Pulliam,Flagstaff,AZ,394.714443829552,514.976916725381,3136
245,LCH,Lake Charles Regional,Lake Charles,LA,451.330944917152,588.843459036313,3036
246,FLO,Florence Regional,Florence,SC,480.18989280245,626.495215221671,2973
247,EGE,Eagle County Regional,Eagle,CO,478.872099298435,624.775913467739,2910
248,PGV,Pitt Greenville,Greenville,NC,386.648063781321,504.452854099067,2883
249,LAW,Lawton-Fort Sill Regional,Lawton/Fort Sill,OK,407.164371390493,531.220115850763,2791
250,PSM,Portsmouth International at Pease,Portsmouth,NH,116.113402061856,151.491091139625,2657
251,ALW,Walla Walla Regional,Walla Walla,WA,338.758389261745,441.97204724589,2633
252,ACK,Nantucket Memorial,Nantucket,MA,463.192789968652,604.319397367908,2561
253,SCC,Deadhorse Airport,Deadhorse,AK,359.097457627119,468.508068107569,2544
254,GUM,Guam International,Guam,TT,882.540413734272,1151.43478597068,2543
255,SPS,Sheppard AFB/Wichita Falls Municipal,Wichita Falls,TX,413.933429811867,540.051586017278,2517
256,ROW,Roswell International Air Center,Roswell,NM,633.909090909091,827.0499198188,2478
257,MQT,Sawyer International,Marquette,MI,364.776,475.916761375312,2469
258,VLD,Valdosta Regional,Valdosta,GA,423.072844134976,551.975617383161,2402
259,DHN,Dothan Regional,Dothan,AL,473.369663648124,617.596983509704,2342
260,ADQ,Kodiak Airport,Kodiak,AK,544.010783608915,709.761196702634,2338
261,PIH,Pocatello Regional,Pocatello,ID,395.275109170306,515.708406826668,2322
262,SAF,Santa Fe Municipal,Santa Fe,NM,633.993421052632,827.159943857663,2294
263,RDD,Redding Municipal,Redding,CA,397.801760268231,519.004883589531,2275
264,DBQ,Dubuque Regional,Dubuque,IA,355.563175199624,463.896952664999,2182
265,TWF,Joslin Field - Magic Valley Regional,Twin Falls,ID,389.665607625099,508.389789899226,2131
266,TXK,Texarkana Regional-Webb Field,Texarkana,AR,435.680368532955,568.424430299708,2044
267,SUX,Sioux Gateway/Col. Bud Day Field,Sioux City,IA,430.676121712223,561.895478449681,2003
268,COD,Yellowstone Regional,Cody,WY,465.925190839695,607.884312201465,1955
269,GTR,Golden Triangle Regional,Columbus,MS,463.404978749241,604.596236297163,1953
270,SMX,Santa Maria Public/Capt. G. Allan Hancock Field,Santa Maria,CA,457.773399014778,597.248814348755,1907
271,OTZ,Ralph Wien Memorial,Kotzebue,AK,450.329581993569,587.536998634442,1870
272,BRW,Wiley Post/Will Rogers Memorial,Barrow,AK,478.973705179283,624.908476853898,1848
273,ABY,Southwest Georgia Regional,Albany,GA,493.828818443804,644.289679001831,1831
274,CSG,Columbus Airport,Columbus,GA,429.360203340596,560.178623147634,1828
275,HDN,Yampa Valley,Hayden,CO,462.534971644612,603.461153496737,1813
276,OME,Nome Airport,Nome,AK,490.649681528662,640.141915594636,1767
277,HGR,Hagerstown Regional-Richard A. Henson Field,Hagerstown,MD,416.247144340602,543.070248224393,1697
278,BPT,Jack Brooks Regional,Beaumont/Port Arthur,TX,441.968856817319,576.628909153144,1688
279,PPG,Pago Pago International,Pago Pago,TT,825.449680511182,1076.94952142457,1677
280,JLN,Joplin Regional,Joplin,MO,432.745762711864,564.595702263086,1647
281,GCK,Garden City Regional,Garden City,KS,447.496894409938,583.841241510098,1623
282,GCC,Gillette Campbell County,Gillette,WY,573.568181818182,748.324208607022,1621
283,ALO,Waterloo Regional,Waterloo,IA,363.772123893805,474.607022068772,1580
284,ABR,Aberdeen Regional,Aberdeen,SD,446.533694810225,582.584572118325,1562
285,BQK,Brunswick Golden Isles,Brunswick,GA,366.563556668754,478.248954777751,1558
286,HVN,Tweed New Haven,New Haven,CT,442.96408045977,577.927359744081,1547
287,BTM,Bert Mooney,Butte,MT,432.352513227513,564.082636652945,1545
288,MVY,Martha's Vineyard Airport,Martha's Vineyard,MA,506.645418326693,661.011268986117,1517
289,BJI,Bemidji Regional,Bemidji,MN,444.022204599524,579.307875495459,1475
290,STC,St. Cloud Regional,St. Cloud,MN,483.962074303406,631.41671335547,1417
291,CMX,Houghton County Memorial,Hancock/Houghton,MI,398.6802413273,520.151022207646,1409
292,GGG,East Texas Regional,Longview,TX,416.395297575312,543.263541115512,1369
293,DUT,Unalaska Airport,Unalaska,AK,704.091693635383,918.615913728451,1349
294,CKB,North Central West Virginia,Clarksburg/Fairmont,WV,477.644444444444,623.174214007802,1318
295,CIU,Chippewa County International,Sault Ste. Marie,MI,436.484114977307,569.473063994806,1226
296,EAU,Chippewa Valley Regional,Eau Claire,WI,443.659747961453,578.834984764353,1219
297,PAH,Barkley Regional,Paducah,KY,365.064443188242,476.293088074406,1217
298,IPT,Williamsport Regional,Williamsport,PA,423.014322916667,551.899265790157,1185
299,ART,Watertown International,Watertown,NY,540.270833333333,704.881750075501,1170
299,BRD,Brainerd Lakes Regional,Brainerd,MN,478.52990430622,624.329457745724,1170
301,OWB,Owensboro Daviess County,Owensboro,KY,381.756457564576,498.070862442278,1160
302,MKG,Muskegon County,Muskegon,MI,369.741201949107,482.394772075558,1125
303,MEI,Key Field,Meridian,MS,439.100515463918,572.886635189315,1093
304,HHH,Hilton Head Airport,Hilton Head,SC,435.189374464439,567.783839068534,1089
305,RHI,Rhinelander/Oneida County,Rhinelander,WI,397.622615803815,518.771156992048,1060
306,PLN,Pellston Regional Airport of Emmet County,Pellston,MI,445.782988871224,581.605139427483,1003
307,RKS,Rock Springs Sweetwater County,Rock Springs,WY,486.444444444444,634.655417541211,953
308,PSG,Petersburg James A Johnson,Petersburg,AK,345.463560334528,450.720164724634,938
309,LAR,Laramie Regional,Laramie,WY,578.158088235294,754.312577899541,931
310,ESC,Delta County,Escanaba,MI,314.164705882353,409.88510582373,909
311,EKO,Elko Regional,Elko,NV,391.886422976501,511.28724820145,839
312,HOB,Lea County Regional,Hobbs,NM,630,821.949798414496,820
313,HIB,Range Regional,Hibbing,MN,466.350746268657,608.439526803131,817
314,CDC,Cedar City Regional,Cedar City,UT,363.888217522659,474.758487362158,788
315,GUC,Gunnison-Crested Butte Regional,Gunnison,CO,443.727559055118,578.923456692557,779
316,DIK,Dickinson - Theodore Roosevelt Regional,Dickinson,ND,632.384615384615,825.060963707641,746
317,JMS,Jamestown Regional,Jamestown,ND,407.9375,532.228803001133,703
318,CDV,Merle K Mudhole Smith,Cordova,AK,357.079069767442,465.874713354579,689
319,AKN,King Salmon Airport,King Salmon,AK,420.772435897436,548.974315657578,683
320,WRG,Wrangell Airport,Wrangell,AK,333.29216152019,434.840357102622,576
321,IMT,Ford,Iron Mountain/Kingsfd,MI,313.033333333333,408.409024175161,540
321,PIB,Hattiesburg-Laurel Regional,Hattiesburg/Laurel,MS,342.513776337115,446.871633991238,540
323,ENA,Kenai Municipal,Kenai,AK,679.878640776699,887.025574178936,521
324,HYA,Barnstable Municipal-Boardman/Polando Field,Hyannis,MA,458.366666666667,598.022840105701,497
325,HYS,Hays Regional,Hays,KS,503.977611940299,657.530629428171,485
326,OGS,Ogdensburg International,Ogdensburg,NY,469.761904761905,612.890004637869,476
327,APN,Alpena County Regional,Alpena,MI,444.065359477124,579.364178896957,467
328,DLG,Dillingham Airport,Dillingham,AK,456.043927648579,594.992403807785,462
329,TBN,Waynesville-St. Robert Regional Forney Field,Fort Leonard Wood,MO,423.184931506849,552.121855784297,437
330,MKK,Molokai,Hoolehua,HI,122.815347721823,160.235000479616,426
331,INL,Falls International Einarson Field,International Falls,MN,435.940740740741,568.764133289711,423
332,DVL,Devils Lake Regional,Devils Lake,ND,428.305084745763,558.802028677275,401
333,OTH,Southwest Oregon Regional,North Bend/Coos Bay,OR,331.031501831502,431.890914601986,350
334,SPN,Francisco C. Ada Saipan International,Saipan,TT,450.195670274771,587.362286395916,334
335,YAK,Yakutat Airport,Yakutat,AK,273.036666666667,356.226084327671,333
336,WYS,Yellowstone,West Yellowstone,MT,469.828571428571,612.976983452516,293
337,HOM,Homer Airport,Homer,AK,717.415584415584,935.999357126679,281
338,SHD,Shenandoah Valley Regional,Staunton,VA,445.735023041475,581.542559262256,270
339,MGW,Morgantown Municipal-Walter L. Bill Hart Field,Morgantown,WV,558.428832116788,728.572168233709,236
340,LNY,Lanai Airport,Lanai,HI,102.941908713693,134.306477961307,203
341,MWA,Williamson County Regional,Marion/Herrin,IL,414.329268292683,540.568029445074,186
342,AUG,Augusta State,Augusta/Waterville,ME,469.266666666667,612.243876300491,184
343,LEB,Lebanon Municipal,Lebanon-Hanover,NH,470.439114391144,613.773548000151,175
344,CGI,Cape Girardeau Regional,Cape Girardeau,MO,373.07476635514,486.744014284354,159
345,VDZ,Valdez Pioneer Field,Valdez,AK,755.036363636364,985.082518867498,158
346,DUJ,DuBois Regional,DuBois,PA,473.393048128342,617.627492825262,148
347,JST,John Murtha Johnstown-Cambria County,Johnstown,PA,507.725680933852,662.42066840229,147
348,PIR,Pierre Regional,Pierre,SD,458.248780487805,597.869036104191,146
349,EAR,Kearney Regional,Kearney,NE,497.752293577982,649.40856724885,138
349,LBF,North Platte Regional Airport Lee Bird Field,North Platte,NE,525.592105263158,685.73067455445,138
351,UIN,Quincy Regional-Baldwin Field,Quincy,IL,393.456,513.335047436467,127
352,PVC,Provincetown Municipal,Provincetown,MA,486.214285714286,634.355133538263,123
353,BFF,Western Neb. Regional/William B. Heilig Field,Scottsbluff,NE,588.864864864865,768.281518998501,119
354,PKB,Mid-Ohio Valley Regional,Parkersburg,WV,547.436988543372,714.231305361688,118
355,SDP,Sand Point,Sandpoint,AK,919.365853658537,1199.48028267271,114
356,GST,Gustavus Airport,Gustavus,AK,100.159090909091,130.675785050963,113
357,RIW,Riverton Regional,Riverton/Lander,WY,550.761194029851,718.568337154545,110
358,BHB,Hancock County-Bar Harbor,Bar Harbor,ME,431.812324929972,563.37786258585,106
359,RUT,Rutland - Southern Vermont Regional,Rutland,VT,458.675675675676,598.425998665484,104
360,CEC,Jack McNamara Field,Crescent City,CA,368.714705882353,481.055520908667,102
360,RKD,Knox County Regional,Rockland,ME,406.111111111111,529.845945891532,102
362,PQI,Northern Maine Regional at Presque Isle,Presque Isle/Houlton,ME,466.936842105263,609.204195620195,99
363,LWB,Greenbrier Valley,Lewisburg,WV,402.981481481482,525.76277375949,96
364,IRK,Kirksville Regional,Kirksville,MO,391.517985611511,510.806554522272,83
365,SLK,Adirondack Regional,Saranac Lake/Lake Placid,NY,715.892857142857,934.012681928491,78
366,LBL,Liberal Mid-America Regional,Liberal,KS,422.075,550.67374788222,71
366,MSS,Massena International-Richards Field,Massena,NY,537.862385321101,701.739490776856,71
368,ALS,San Luis Valley Regional/Bergman Field,Alamosa,CO,501.728395061728,654.596116158439,70
368,MAZ,Eugenio Maria de Hostos,Mayaguez,PR,394.03532875368,514.090887360757,70
370,PGA,Page Municipal,Page,AZ,466.5,608.634255492639,69
371,PUB,Pueblo Memorial,Pueblo,CO,286.125,373.30220011325,67
372,CYS,Cheyenne Regional/Jerry Olson Field,Cheyenne,WY,542.071428571429,707.23095466753,66
373,DDC,Dodge City Regional,Dodge City,KS,461.846153846154,602.562465162471,62
374,ADK,Adak,Adak Island,AK,874.65,1141.14030346546,47
375,CEZ,Cortez Municipal,Cortez,CO,613.732558139535,800.725956259054,45
376,SDY,Sidney/Richland Municipal,Sidney,MT,420.333333333333,548.401426349566,44
377,FNL,Fort Collins-Loveland Municipal,Fort Collins/Loveland,CO,177.587356321839,231.695066237617,43
377,SLN,Salina Regional,Salina,KS,225.397849462366,294.072566553417,43
379,SNP,St. Paul Island,St. Paul,AK,793.515151515151,1035.28510924877,26
380,ATY,Watertown Regional,Watertown,SD,448.945679012346,585.731445021042,25
380,FMN,Four Corners Regional,Farmington,NM,490.003616636528,639.299006217093,25
382,PRC,Ernest A. Love Field,Prescott,AZ,329.411764705882,429.777672373593,18
383,WRL,Worland Municipal,Worland,WY,616.098039215686,803.812157360158,17
384,OLF,L. M. Clayton,Wolf Point,MT,575.625,751.007702718007,16
385,CDB,Cold Bay Airport,Cold Bay,AK,704.078947368421,918.599283900579,15
386,LMT,Crater Lake Klamath Regional,Klamath Falls,OR,343.82496194825,448.582314544819,13
387,GGW,Wokal Field/Glasgow International,Glasgow,MT,526.585365853659,687.02656398641,12
388,MCK,McCook Ben Nelson Regional,McCook,NE,486.288461538462,634.451909417197,10
389,GDV,Dawson Community,Glendive,MT,667.777777777778,871.23779338115,8
390,FOE,Topeka Regional,Topeka,KS,111.345454545455,145.270434790487,7
391,HON,Huron Regional,Huron,SD,532.8,695.134686659117,5
392,HVR,Havre City-County,Havre,MT,508.1875,663.023195526614,4
392,TEX,Telluride Regional,Telluride,CO,497.583333333333,649.18812782182,4
394,PDT,Eastern Oregon Regional at Pendleton,Pendleton,OR,324.827981651376,423.797292123391,3
394,TVF,Thief River Falls Regional,Thief River Falls,MN,412.589958158996,538.298782439099,3
396,JHM,Kapalua Airport,Kapalua,HI,189.623188405797,247.398002356919,2
397,SOW,Show Low Regional,Show Low,AZ,516.5,673.868366477917,1
397,AIN,Wainwright Airport,Wainwright,AK,732,955.027384824463,1
397,IPL,Imperial County,El Centro,CA,449.248803827751,586.126926578054,1
397,PHO,Point Hope Airport,Point Hope,AK,990,1291.63539750849,1
401,AGN,Angoon Seaplane Base,Angoon,AK,464.75,606.351061608154,0
401,AHN,Athens/Ben Epps,Athens,GA,421.707692307692,550.194528066905,0
401,AIA,Alliance Municipal,Alliance,NE,518.96,677.077884738392,0
401,AKB,Atka Airport,Atka,AK,1239.42857142857,1617.06041973791,0
401,AKI,Akiak Airport,Akiak,AK,335,437.068543601359,0
401,AKO,Colorado Plains Regional,Akron,CO,86.75,113.181182559456,0
401,AKP,Anaktuvuk Pass Airport,Anaktuvuk Pass,AK,480,626.247465458664,0
401,ALM,Alamogordo White Sands Regional,Alamogordo,NM,450,587.106998867497,0
401,ANI,Aniak Airport,Aniak,AK,479,624.942783238958,0
401,AOO,Altoona-Blair County,Altoona,PA,468.811728395062,611.650326426465,0
401,APF,Naples Municipal,Naples,FL,375.8,490.299578165346,0
401,BED,Laurence G Hanscom Field,Bedford,MA,375.06868451688,489.345443857524,0
401,BFD,Bradford Regional,Bradford,PA,401.654545454545,524.03154391846,0
401,BKC,Buckland Airport,Buckland,AK,562,733.231407474519,0
401,BKW,Raleigh County Memorial,Beckley,WV,390.4125,509.364247100793,0
401,BKX,Brookings Regional,Brookings,SD,400,521.87288788222,0
401,BLF,Mercer County,Princeton/Bluefield,WV,413.731343283582,539.787927316983,0
401,BRL,Southeast Iowa Regional,Burlington,IA,409.431486880466,534.177981120551,0
401,BTI,Barter Island Airport,Barter Island,AK,473,617.114689920725,0
401,BWD,Brownwood Regional,Brownwood,TX,502.833333333333,656.037709475274,0
401,CDR,Chadron Municipal,Chadron,NE,509,664.083249830125,0
401,CGA,Craig Seaplane Base,Craig,AK,569.454545454546,742.957220385051,0
401,CHI,Chicago Metropolitan Area,Chicago,IL,161.833333333333,211.141072555681,0
401,CIC,Chico Municipal,Chico,CA,460.861372812921,601.277638858108,0
401,CIK,Chalkyitsik Airport,Chalkyitsik,AK,442,576.669541109853,0
401,CLD,McClellan-Palomar,Carlsbad,CA,429.835739367928,560.799046547325,0
401,CLM,William R. Fairchild International,Port Angeles,WA,306.227407407407,399.529453630972,0
401,CNM,Cavern City Air Terminal,Carlsbad,NM,665.166666666667,867.831123140808,0
401,CNY,Canyonlands Field,Moab,UT,401.588235294118,523.945030231164,0
401,CVN,Clovis Municipal,Clovis,NM,333.25,434.785349716875,0
401,CYF,Chefornak Airport,Chefornak,AK,410,534.919710079276,0
401,DEC,Decatur Airport,Decatur,IL,306.351015801354,399.690723304761,0
401,EEK,Eek Airport,Eek,AK,285,371.834432616082,0
401,EFD,Ellington,Houston,TX,378.859181992863,494.290838518277,0
401,EGX,Egegik Airport,Egegik,AK,486.153846153846,634.27627911839,0
401,ELD,South Arkansas Regional at Goodwin Field,El Dorado,AR,629.083333333333,820.7538397131,0
401,ELY,Ely Airport/Yelland Field,Ely,NV,571.5,745.625888561722,0
401,EMK,Emmonak Airport,Emmonak,AK,930,1213.35446432616,0
401,FHU,Sierra Vista Municipal-Libby AAF,Fort Huachuca,AZ,366.666666666667,478.383480558702,0
401,FKL,Venango Regional,Franklin/Oil City,PA,420.066225165563,548.052935072338,0
401,FOD,Fort Dodge Regional,Fort Dodge,IA,365.056133056133,476.2822459928,0
401,FYU,Fort Yukon Airport,Fort Yukon,AK,590,769.762509626275,0
401,GAL,Edward G. Pitka Sr.,Galena,AK,677,883.269862740657,0
401,GAM,Gambell Airport,Gambell,AK,1208.66666666667,1576.92590955077,0
401,GBD,Great Bend Municipal,Great Bend,KS,456.444444444445,595.514950950044,0
401,GLH,Greenville Mid Delta,Greenville,MS,394.753112033195,515.027366443143,0
401,GLV,Golovin Airport,Golovin,AK,721,940.675880407702,0
401,GNU,Goodnews,Goodnews Bay,AK,367,478.818374631937,0
401,GON,Groton-New London,New London/Groton,CT,462.135135135135,602.939493912032,0
401,GPZ,Grand Rapids/Itasca County-Gordon Newstrom Field,Grand Rapids,MN,484.553459119497,632.188282610028,0
401,GYY,Gary/Chicago International,Gary,IN,112.708333333333,147.048558512646,0
401,HII,Lake Havasu City Airport,Lake Havasu City,AZ,324.45842217484,423.315134445231,0
401,HNH,Hoonah Airport,Hoonah,AK,522,681.044118686297,0
401,HNS,Haines Airport,Haines,AK,565.071428571429,737.238645720758,0
401,HOT,Memorial Field,Hot Springs,AR,642,837.605985050963,0
401,HPB,Hooper Bay Airport,Hooper Bay,AK,672.857142857143,877.864750687591,0
401,HRO,Boone County,Harrison,AR,452,589.716363306909,0
401,IAN,Bob Baker Memorial,Kiana,AK,534,696.700305322764,0
401,IGM,Kingman Airport,Kingman,AZ,385.059322033898,502.380050989501,0
401,IKO,Nikolski AS,Nikolski,AK,1091.8,1424.45204747452,0
401,ILE,Skylark Field,Killeen,TX,404.892863903085,528.256520420015,0
401,IWD,Gogebic-Iron County,Ironwood,MI,297.991596638655,388.784337756122,0
401,IYK,Inyokern Airport,Inyokern,CA,582.821153846154,760.39639669135,0
401,JBR,Jonesboro Municipal,Jonesboro,AR,411,536.224392298981,0
401,JHW,Chautauqua County/Jamestown,Jamestown,NY,389.508196721311,508.184418691867,0
401,JON,Johnston Atoll,Johnston Island,TT,411.172413793103,536.449337509275,0
401,KAE,Kake Seaplane Base,Kake,AK,612,798.465518459797,0
401,KAL,Kaltag Airport,Kaltag,AK,747,974.597618120046,0
401,KCG,Chignik Bay Airport,Chignik Bay,AK,718.333333333333,937.19672782182,0
401,KCL,Chignik Lagoon Airport,Chignik Lagoon,AK,840.666666666667,1096.80285269913,0
401,KCQ,Chignik Lake,Chignik,AK,620.5,809.555317327294,0
401,KEK,Ekwok Airport,Ekwok,AK,578,754.106322989808,0
401,KFP,False Pass Airport,False Pass,AK,1771,2310.59221109853,0
401,KGK,Koliganek Airport,Koliganek,AK,656.5,856.523877236693,0
401,KKH,Kongiganak Airport,Kongiganak,AK,347,452.724730237826,0
401,KLW,Klawock Airport,Klawock,AK,772,1007.21467361268,0
401,KMO,Manokatak Seaplane Base,Manokotak,AK,480.5,626.899806568517,0
401,KNW,New Stuyahok Airport,New Stuyahok,AK,608.5,793.899130690827,0
401,KPC,Port Clarence CGS,Port Clarence,AK,1591.5,2076.40175266138,0
401,KPN,Kipnuk Airport,Kipnuk,AK,500.4,652.862982740657,0
401,KPV,Perryville Airport,Perryville,AK,1053,1373.83037734994,0
401,KQA,Akutan Airport,Akutan,AK,1208.23076923077,1576.35720191654,0
401,KSM,St. Mary's Airport,St. Mary's,AK,798,1041.13641132503,0
401,KTB,Thorne Bay Seaplane Base,Thorne Bay,AK,620,808.902976217441,0
401,KUK,Kasigluk Airport,Kasigluk,AK,465,606.677232163081,0
401,KVC,King Cove Airport,King Cove,AK,826.9,1078.84172747452,0
401,KVL,Kivalina Airport,Kivalina,AK,730.25,952.744190939978,0
401,KWK,Kwigillingok Airport,Kwigillingok,AK,593.333333333333,774.111450358626,0
401,KWN,Quinhagak Airport,Quinhagak,AK,291,379.662525934315,0
401,KWT,Kwethluk Airport,Kwethluk,AK,403,525.786934541337,0
401,LAF,Purdue University,Lafayette,IN,336.949656750572,439.61222609836,0
401,LNS,Lancaster Airport,Lancaster,PA,320.45,418.085417304643,0
401,LWT,Lewistown Municipal,Lewistown,MT,424.3,553.576665821065,0
401,MBL,Manistee County-Blacker,Manistee/Ludington,MI,287.75,375.422308720272,0
401,MCE,Merced Regional/Macready Field,Merced,CA,572,746.278229671575,0
401,MCG,McGrath Airport,McGrath,AK,646.888888888889,843.984431458412,0
401,MCN,Middle Georgia Regional,Macon,GA,474.253497481813,618.750105797692,0
401,MCW,Mason City Municipal,Mason City,IA,362.478208232446,472.918873311598,0
401,MKC,Charles B. Wheeler Downtown,Kansas City,MO,237,309.209686070215,0
401,MKL,McKellar-Sipes Regional,Jackson,TN,404.469696969697,527.704422046055,0
401,MLL,Marshall Don Hunter Sr.,Marshall,AK,514,670.606660928653,0
401,MLS,Frank Wiley Field,Miles City,MT,455.625,594.445836353341,0
401,MOD,Modesto City-County-Harry Sham Field,Modesto,CA,495.846054333765,646.921530800415,0
401,MOU,Mountain Village Airport,Mountain Village,AK,629,820.645116194791,0
401,MSL,Northwest Alabama Regional,Muscle Shoals,AL,356.501945525292,465.121749617285,0
401,MTM,Metlakatala,Metlakatla,AK,625.333333333333,815.861281389204,0
401,MWH,Grant County International,Moses Lake,WA,421.534246575343,549.968236503824,0
401,MYU,Mekoryuk Airport,Mekoryuk,AK,546.666666666667,713.226280105701,0
401,NME,Nightmute Airport,Nightmute,AK,806,1051.57386908267,0
401,NUL,Nulato Airport,Nulato,AK,1205,1572.14207474519,0
401,NUP,Nunapitchuk Airport,Nunapitchuk,AK,562.5,733.883748584372,0
401,NYC,New York City Metropolitan Area,New York,NY,221,288.334770554927,0
401,OBU,Kobuk Airport,Kobuk,AK,682,889.793273839185,0
401,OFK,Norfolk Regional/Karl Stefan Memorial Field,Norfolk,NE,552.611111111111,720.981891078395,0
401,OLM,Olympia Regional,Olympia,WA,364.25,475.230498527747,0
401,OOK,Toksook Bay,Toksook,AK,593.428571428571,774.235705808122,0
401,OSH,Wittman Regional,Oshkosh,WI,436.75,569.819959456399,0
401,OXR,Oxnard,Oxnard/Ventura,CA,508.755575379126,663.764353373212,0
401,PFN,Bay County,Panama City,FL,436.59821576078,569.621929258257,0
401,PIP,Pilot Point Airport,Pilot Point,AK,506,660.169203171008,0
401,PIZ,Point Lay LRRS,Point Lay,AK,997,1300.76817304643,0
401,PKA,Napaskiak Airport,Napaskiak,AK,491,640.598969875425,0
401,PLB,Clinton County,Plattsburgh,NY,671.578947368421,876.197111760148,0
401,PNC,Ponca City Regional,Ponca City,OK,297.25,387.816789807475,0
401,PQS,Pilot Station Airport,Pilot Station,AK,502,654.950474292186,0
401,PRB,Paso Robles Municipal,Paso Robles,CA,62,80.8902976217441,0
401,PTH,Port Heiden Airport,Port Heiden,AK,700,913.277553793885,0
401,RDG,Reading Regional/Carl A Spaatz Field,Reading,PA,426.548797736917,556.510632244134,0
401,SCM,Scammon Bay Airport,Scammon Bay,AK,334,435.763861381654,0
401,SGY,Skagway Airport,Skagway,AK,453.071428571429,591.114237113736,0
401,SHG,Shungnak Airport,Shungnak,AK,805.2,1050.53012330691,0
401,SHR,Sheridan County,Sheridan,WY,639.185185185185,833.93354621031,0
401,SHX,Shageluk Airport,Shageluk,AK,703,917.191600453002,0
401,STG,St. George Island Airport,St. George Island,AK,945,1232.92469762174,0
401,SVA,Savoonga Airport,Savoonga,AK,888.5,1159.21015220838,0
401,SVC,Grant County,Silver City/Hurley,NM,408,532.310345639864,0
401,TAL,Ralph M Calhoun Memorial,Tanana,AK,328,427.93576806342,0
401,TKE,Tenakee Airport,Tenakee,AK,455,593.630409966025,0
401,TLA,Teller Airport,Teller,AK,894,1166.38590441676,0
401,TNK,Tununak Airport,Tununak,AK,554,722.793949716875,0
401,TOG,Togiak Airport,Togiak,AK,533.6,696.178432434881,0
401,TSM,Taos Regional,Taos,NM,272,354.87356375991,0
401,TUP,Tupelo Regional,Tupelo,MS,434.688661710037,567.130568040686,0
401,UGB,Ugashik Bay,Pilot Point,AK,595,776.285920724802,0
401,UNK,Unalakleet Airport,Unalakleet,AK,759,990.253804756512,0
401,VAK,Chevak Airport,Chevak,AK,599,781.504649603625,0
401,VCT,Victoria Regional,Victoria,TX,400.896183206107,523.042122176826,0
401,VEL,Vernal Regional,Vernal,UT,521.089285714286,679.855925950494,0
401,VIS,Visalia Municipal,Visalia,CA,459.777777777778,599.863891682396,0
401,WAA,Wales Airport,Wales,AK,1462,1907.44540520951,0
401,WAS,Washington DC Metropolitan Area,Washington,DC,500.75,653.319621517554,0
401,WBQ,Beaver Airport,Beaver,AK,393,512.740112344281,0
401,WDG,Enid Woodring Regional,Enid,OK,402,524.482252321631,0
401,WLK,Selawik Airport,Selawik,AK,566,738.450136353341,0
401,WMO,White Mountain Airport,White Mountain,AK,777,1013.73808471121,0
401,WSN,South Naknek 2,South Naknek,AK,493,643.208334314836,0
401,WTK,Noatak Airport,Noatak,AK,1035,1350.34609739524,0
401,WTL,Tuntutuliak Airport,Tuntutuliak,AK,583.8,761.6734798641,0
401,WWT,Newtok Airport,Newtok,AK,585,763.239098527747,0
National Average,,,,,315.36,,
"<b>Source:</b>  Bureau of Transportation Statistics, Airline Origin & Destination Survey (10% Sample), DB1B_Ticket where bulk fare equals zero, itinerary fare is greater than or equal to fifty dollars ($50) and itinerary yield is less than or equal to three dollars ($3).",,,,,,,
"Itinerary Fare:  Average fares are based on domestic itinerary fares, round-trip or one-way for which no return is purchased. Fares are based on the total ticket value which consists of the price charged by the airlines plus any additional taxes and fees levied by an outside entity at the time of purchase. Fares include only the price paid at the time of the ticket purchase and do not include other fees, such as baggage fees, paid at the airport or onboard the aircraft. Averages do not include frequent-flyer or 'zero fares' or a few abnormally high reported fares.  Airports* ranked by U.S. originating domestic passengers in 2016.</br><br><b>Note:</b>  The inflation adjustment was performed using Consumer Price Index for All Urban Consumers:  Airline fare (CUUR0000SA0 - U.S. All items, 1982-84=100)</br></br>",,,,,,,
